Datetime,Water Level (m)
2026-09-28 00:00:00,-0.00012386462
2026-09-28 01:00:00,-0.00012152341
2026-09-28 02:00:00,-0.0003669694
2026-09-28 03:00:00,-0.0006354669
2026-09-28 04:00:00,-0.0009710188
2026-09-28 05:00:00,-0.0011775094
2026-09-28 06:00:00,-0.0011081814
2026-09-28 07:00:00,-0.00080631854
2026-09-28 08:00:00,-0.00056837586
2026-09-28 09:00:00,-0.00045036426
2026-09-28 10:00:00,-0.00034468123
2026-09-28 11:00:00,-0.00025625946
2026-09-28 12:00:00,-0.00016181558
2026-09-28 13:00:00,-0.00012471066
2026-09-28 14:00:00,-0.00031528284
2026-09-28 15:00:00,-0.00057486724
2026-09-28 16:00:00,-0.00090785936
2026-09-28 17:00:00,-0.0011833829
2026-09-28 18:00:00,-0.0012216795
2026-09-28 19:00:00,-0.0009941381
2026-09-28 20:00:00,-0.0006995155
2026-09-28 21:00:00,-0.00052605284
2026-09-28 22:00:00,-0.00041137624
2026-09-28 23:00:00,-0.00030804714
2026-09-29 00:00:00,-0.00022376093
2026-09-29 01:00:00,-0.00016117109
2026-09-29 02:00:00,-0.00025319168
2026-09-29 03:00:00,-0.0005264849
2026-09-29 04:00:00,-0.0007999686
2026-09-29 05:00:00,-0.0010639789
2026-09-29 06:00:00,-0.0011130325
2026-09-29 07:00:00,-0.0008996798
2026-09-29 08:00:00,-0.000614476
2026-09-29 09:00:00,-0.0004638755
2026-09-29 10:00:00,-0.00035459868
2026-09-29 11:00:00,-0.00025763028
2026-09-29 12:00:00,-0.0001689803
2026-09-29 13:00:00,-9.88314e-05
2026-09-29 14:00:00,-0.000117108124
2026-09-29 15:00:00,-0.00038344873
2026-09-29 16:00:00,-0.0006504559
2026-09-29 17:00:00,-0.0009840309
2026-09-29 18:00:00,-0.0011740226
2026-09-29 19:00:00,-0.0010892
2026-09-29 20:00:00,-0.0007895551
2026-09-29 21:00:00,-0.000550321
2026-09-29 22:00:00,-0.00043122566
2026-09-29 23:00:00,-0.00033061573
2026-09-30 00:00:00,-0.00023357566
2026-09-30 01:00:00,-0.0001510767
2026-09-30 02:00:00,-0.000120618635
2026-09-30 03:00:00,-0.0003032772
2026-09-30 04:00:00,-0.0005281871
2026-09-30 05:00:00,-0.00076848123
2026-09-30 06:00:00,-0.00094046845
2026-09-30 07:00:00,-0.00091791915
2026-09-30 08:00:00,-0.00068825425
2026-09-30 09:00:00,-0.00048386614
2026-09-30 10:00:00,-0.0003827054
2026-09-30 11:00:00,-0.0002878028
2026-09-30 12:00:00,-0.00019862913
2026-09-30 13:00:00,-0.00011742107
2026-09-30 14:00:00,-0.00010601832
2026-09-30 15:00:00,-0.00019795494
2026-09-30 16:00:00,-0.00044641364
2026-09-30 17:00:00,-0.000707584
2026-09-30 18:00:00,-0.0009982625
2026-09-30 19:00:00,-0.0010942105
2026-09-30 20:00:00,-0.0009344681
2026-09-30 21:00:00,-0.00065360207
2026-09-30 22:00:00,-0.0004913606
2026-09-30 23:00:00,-0.00039255267
2026-10-01 00:00:00,-0.00029927606
2026-10-01 01:00:00,-0.0002100094
2026-10-01 02:00:00,-0.00014172037
2026-10-01 03:00:00,-0.00015413074
2026-10-01 04:00:00,-0.0003640323
2026-10-01 05:00:00,-0.00053003005
2026-10-01 06:00:00,-0.00069801626
2026-10-01 07:00:00,-0.000800749
2026-10-01 08:00:00,-0.0007338342
2026-10-01 09:00:00,-0.0005132652
2026-10-01 10:00:00,-0.0003923255
2026-10-01 11:00:00,-0.00030589005
2026-10-01 12:00:00,-0.00022205702
2026-10-01 13:00:00,-0.00014247518
2026-10-01 14:00:00,-9.995291e-05
2026-10-01 15:00:00,-0.00010138064
2026-10-01 16:00:00,-0.00026965534
2026-10-01 17:00:00,-0.0004655695
2026-10-01 18:00:00,-0.0006837513
2026-10-01 19:00:00,-0.00088946114
2026-10-01 20:00:00,-0.00093867414
2026-10-01 21:00:00,-0.00080065976
2026-10-01 22:00:00,-0.0005670311
2026-10-01 23:00:00,-0.00044960657
2026-10-02 00:00:00,-0.00035829027
2026-10-02 01:00:00,-0.00027170716
2026-10-02 02:00:00,-0.00019166511
2026-10-02 03:00:00,-0.00013918807
2026-10-02 04:00:00,-0.00018910611
2026-10-02 05:00:00,-0.0003648972
2026-10-02 06:00:00,-0.0004844115
2026-10-02 07:00:00,-0.00059483823
2026-10-02 08:00:00,-0.0006607923
2026-10-02 09:00:00,-0.0005901062
2026-10-02 10:00:00,-0.00043743468
2026-10-02 11:00:00,-0.00034675465
2026-10-02 12:00:00,-0.00027101993
2026-10-02 13:00:00,-0.0001933114
2026-10-02 14:00:00,-0.00011761654
2026-10-02 15:00:00,-9.330823e-05
2026-10-02 16:00:00,-0.00011369431
2026-10-02 17:00:00,-0.00029134363
2026-10-02 18:00:00,-0.00044080772
2026-10-02 19:00:00,-0.0005977234
2026-10-02 20:00:00,-0.0007501724
2026-10-02 21:00:00,-0.0007997885
2026-10-02 22:00:00,-0.00071028824
2026-10-02 23:00:00,-0.0005256147
2026-10-03 00:00:00,-0.00042819043
2026-10-03 01:00:00,-0.0003487688
2026-10-03 02:00:00,-0.00026884154
2026-10-03 03:00:00,-0.00019582684
2026-10-03 04:00:00,-0.00014912822
2026-10-03 05:00:00,-0.0001887027
2026-10-03 06:00:00,-0.000326483
2026-10-03 07:00:00,-0.0004178056
2026-10-03 08:00:00,-0.0004948157
2026-10-03 09:00:00,-0.0005377275
2026-10-03 10:00:00,-0.0005092989
2026-10-03 11:00:00,-0.0004190031
2026-10-03 12:00:00,-0.0003377114
2026-10-03 13:00:00,-0.00026241672
2026-10-03 14:00:00,-0.0001937256
2026-10-03 15:00:00,-0.0001291718
2026-10-03 16:00:00,-9.244078e-05
2026-10-03 17:00:00,-0.00013354266
2026-10-03 18:00:00,-0.00026875662
2026-10-03 19:00:00,-0.00037924355
2026-10-03 20:00:00,-0.00050051993
2026-10-03 21:00:00,-0.00063107273
2026-10-03 22:00:00,-0.0007121979
2026-10-03 23:00:00,-0.00068004784
2026-10-04 00:00:00,-0.00054171594
